"","mpg","cyl","disp","hp","drat"
"mpg",1,-0.852161959426613,-0.847551379262479,-0.776168371826586,0.681171907806749
"cyl",-0.852161959426613,1,0.902032872146999,0.83244745272182,-0.69993811382877
"disp",-0.847551379262479,0.902032872146999,1,0.790948586369806,-0.71021392716927
"hp",-0.776168371826586,0.83244745272182,0.790948586369806,1,-0.44875911687292
"drat",0.681171907806749,-0.69993811382877,-0.71021392716927,-0.44875911687292,1
